date,vix_returns_corr,vix_unemployment_corr,returns_unemployment_corr
2020-01-30,-0.35591559084798696,0.8737260214868383,-0.32605331348476474
2020-01-31,-0.3892311674488847,0.8879490669574256,-0.4281925343239448
2020-02-01,-0.4147742159447042,0.9230517715826777,-0.39499412648374504
2020-02-02,-0.4340514396499639,0.9486706599955033,-0.40402108258365393
2020-02-03,-0.3258223816512322,0.9552754052460154,-0.29348961826250164
2020-02-04,-0.2763184165627763,0.9568962839069971,-0.23441677622708837
2020-02-05,-0.30206404404729037,0.956218059328207,-0.2776877433756946
2020-02-06,-0.3179287365659928,0.9519144594641306,-0.2887854447706954
2020-02-07,-0.3228626430626727,0.94994571046135,-0.2919634611147705
2020-02-08,-0.39770256580551366,0.9402388311946076,-0.3553012466586803
2020-02-09,-0.38758084979033847,0.9135955260978932,-0.38064859386590144
2020-02-10,-0.2851048095980021,0.8915914242244856,-0.2665978857348535
2020-02-11,-0.2625543092782111,0.8210210587494821,-0.21040291550708204
2020-02-12,-0.1993874773043223,0.7034543757626073,-0.132306961274879
2020-02-13,-0.009749698627781701,0.5762769036170053,0.11389354769264119
2020-02-14,-0.06710201993282239,0.4610731340883787,0.09390326784806319
2020-02-15,-0.12177211626228897,0.36818553925249553,0.027971353094238927
2020-02-16,-0.13255349400391558,0.28747715771407245,0.0344766098365566
2020-02-17,-0.11613425444002771,0.21286194333328073,0.08647300668792945
2020-02-18,-0.044267107487774064,0.18950501918601925,0.1753115522929719
2020-02-19,-0.062357065471613085,0.199026269958214,0.14398764769796246
2020-02-20,-0.15103619818377736,0.2788141973789139,0.1047243842246456
2020-02-21,-0.2215418056503686,0.21009632304070164,0.0645046711900443
2020-02-22,-0.016092834774774325,0.04965772765633546,0.21768421557497453
2020-02-23,-0.014519173564077894,-0.0008922906140702757,0.19465651637701853
2020-02-24,0.019886742301661015,-0.06241621435218109,0.0843672033975326
2020-02-25,0.007076597390431082,-0.085348261914116,0.10837362556862347
2020-02-26,-0.061934179388399103,-0.10207192901048186,0.11140419329171276
2020-02-27,-0.13965883298166498,-0.1041588007673227,0.14322385597606338
2020-02-28,-0.11097358132182449,-0.09843469387410822,0.1237584985019411
2020-02-29,-0.13432975153278354,-0.05707135878686569,0.15375252295890726
2020-03-01,-0.13356922928959986,-0.10237576068232088,0.0997828297268169
2020-03-02,-0.24426119950666864,-0.15499380728569118,0.20328618333092083
2020-03-03,-0.43426273948027017,-0.20672776729539036,0.2734233211515638
2020-03-04,-0.24929493248948742,-0.22436145164752722,0.15581178912572063
2020-03-05,0.03154828140363157,-0.193897507210679,0.013176851578793374
2020-03-06,0.06643199400044128,-0.18929370557379516,-0.1748776546577452
2020-03-07,0.04696535025688718,-0.17523826158228575,-0.18380515587341473
2020-03-08,-0.04656442475821643,-0.04133448827132342,-0.18518811717152478
2020-03-09,-0.02074167718149069,0.04407582449241658,-0.14574241447311648
2020-03-10,0.021795055874327646,0.08299018086193452,-0.22192499491562223
2020-03-11,-0.011296427303589426,0.19433785308684742,-0.23117098821487736
2020-03-12,-0.09215103921155503,0.2091236321196968,-0.24048404281372826
2020-03-13,-0.1282785968857096,0.2030168530384146,-0.24424585080488956
2020-03-14,-0.39675660577533156,0.2034242707117828,-0.22035294547804435
2020-03-15,-0.4046533046861077,0.2235411492453954,-0.2071859852080204
2020-03-16,-0.2715325812056811,0.2580321952615932,-0.12094010756902776
2020-03-17,-0.2675114411470491,0.2517095512081081,-0.114504665356044
2020-03-18,-0.14816940440160634,0.2655215342742371,-0.03982299308757043
2020-03-19,-0.14470040690852673,0.2996822515066934,-0.059656957895835146
2020-03-20,-0.1608143166036907,0.24792260452446807,-0.08587005335885821
2020-03-21,-0.14225091812797044,0.1938683543385507,-0.043875508227542416
2020-03-22,-0.12299657886927264,0.11823041477349938,-0.0016319006381309074
2020-03-23,-0.12869331465756628,0.048229728959342424,0.02146333646165881
2020-03-24,-0.16094299628102657,-0.048291478980211154,-0.013013735012941206
2020-03-25,-0.17304621129656658,-0.08092286643644117,-0.13382447571782866
2020-03-26,-0.1877063063148838,-0.07372522495315051,-0.13329858252510435
2020-03-27,-0.1840210966788796,-0.1319832071662856,-0.11772277762634326
2020-03-28,-0.1406823878856289,-0.22177809275742666,0.05386014335092054
2020-03-29,-0.13077327288802873,-0.26769300299039844,0.06658737991337109
2020-03-30,-0.12097332011512069,-0.2618254806886591,0.12286578389971167
2020-03-31,-0.12060475451036694,-0.27727368800864755,0.11179389741414583
2020-04-01,-0.10020794079825256,-0.24691711296129787,0.08163050215948436
2020-04-02,-0.04487455507078033,-0.23409414444001228,0.04776627169720391
2020-04-03,-0.08581961221554432,-0.27792560583692366,0.04748699230379996
2020-04-04,-0.08116018427292328,-0.2403160823800906,0.06923116596093691
2020-04-05,-0.1234399068340206,-0.27728081101770724,0.1548839897784386
2020-04-06,-0.08607842919171445,-0.31619035418353464,0.08645062252503002
2020-04-07,-0.11768405950499453,-0.3725718491041756,0.13240690026934
2020-04-08,-0.1367016529436844,-0.4003931119383798,0.13806274298530907
2020-04-09,-0.18560259201805349,-0.44020377070320854,0.13848163144774026
2020-04-10,-0.1250005813541041,-0.5080396383082407,0.13120777030513117
2020-04-11,-0.08562135260853534,-0.4489258038708888,0.12710247056019733
2020-04-12,-0.03116733416626081,-0.4475204228694864,0.1104854098292362
2020-04-13,0.19537046649195025,-0.5090182975626438,-0.0268960949911064
2020-04-14,0.24173345888912018,-0.5980086224819832,-0.10363919151346163
2020-04-15,0.16269350303812466,-0.6494220259842898,-0.08342608704721445
2020-04-16,0.15437414652057338,-0.5005501469415454,-0.1124377711753186
2020-04-17,0.06734264371020023,-0.32757458473532025,-0.020393504968994176
2020-04-18,0.07926438661175408,-0.16175153805756012,0.03019976507794651
2020-04-19,0.06626216243420137,-0.05662986016273793,0.03188090044192264
2020-04-20,0.04401385997790358,-0.09497933959409638,0.045497367463318
2020-04-21,0.06587094686917518,-0.13044616822014568,0.024036230294460156
2020-04-22,0.06872970192257503,-0.12649068270696748,0.015324526681561344
2020-04-23,0.08821261848385063,-0.013935119670626843,0.03137570376052659
2020-04-24,0.09263156767837723,0.04071975398642224,-0.04709091335834232
2020-04-25,0.13609543173752797,0.07012700939086115,0.0670903393984273
2020-04-26,0.19321857673955245,0.07104472598382876,0.044887728055780174
2020-04-27,0.24695927253036082,0.10361345983315455,-0.12132841788335534
2020-04-28,0.2894309413075692,0.1257395451807283,-0.2151243943937437
2020-04-29,0.436762599084195,0.1750000812231303,-0.04536389587077098
2020-04-30,0.04728501413079239,0.17846596187692917,0.014934834573432584
2020-05-01,0.008060592963088418,0.1991179020731759,-0.009225910187948997
2020-05-02,0.1013086053799275,0.15247851164310708,-0.08641987083941972
2020-05-03,0.11391043469274827,0.11096086066525422,-0.11170896902860006
2020-05-04,0.06306570433292284,0.005898638459759538,-0.010836846515344714
2020-05-05,-0.11197853601963814,-0.20267755477351637,0.13726728290950174
2020-05-06,-0.21260228587507335,-0.28522391163763977,0.2119467610642504
2020-05-07,-0.25323128332081085,-0.2965537140875578,0.22895783885819343
2020-05-08,-0.1854250935910226,-0.32207218062534987,0.23954419767303153
2020-05-09,-0.19743107062206156,-0.3475349341337103,0.2802435083995819
2020-05-10,-0.20134159357360812,-0.3944027579058667,0.2818081842289659
2020-05-11,-0.16659665660307105,-0.5112107334835386,0.25461351384991265
2020-05-12,-0.2127368476955506,-0.6165386414845343,0.22704635335545556
2020-05-13,-0.24711719337447974,-0.6751351275118455,0.2251580666593477
2020-05-14,-0.2937612242510714,-0.6956602411949189,0.21408603461709869
2020-05-15,-0.29749629617061885,-0.6924285737582099,0.23676131915132465
2020-05-16,-0.31861613248066983,-0.6845847796893858,0.2686224344064822
2020-05-17,-0.3298000956434902,-0.6879394894066924,0.2853602957454829
2020-05-18,-0.32077250025972026,-0.6913017803031677,0.2680791413435551
2020-05-19,-0.32045821716352885,-0.7059341625752381,0.2843318785021549
2020-05-20,-0.3270706310930668,-0.7180655759113981,0.2838141648529694
2020-05-21,-0.3936780639410653,-0.7116378253436648,0.31434381620746227
2020-05-22,-0.42086643700718257,-0.733415822254753,0.32245346514673434
2020-05-23,-0.43225652965247635,-0.7537496773458813,0.34210222203377727
2020-05-24,-0.4309214956236194,-0.7555213429295985,0.3507838522300035
2020-05-25,-0.4334584083293033,-0.756582795095156,0.3559237117782491
2020-05-26,-0.4286692108911781,-0.7485959972546308,0.3740463972926911
2020-05-27,-0.35314849641773954,-0.7614390795652832,0.3907161957798539
2020-05-28,-0.33898332761048705,-0.7647638259932439,0.3897124589778573
2020-05-29,-0.3988154016524952,-0.7790720383662693,0.39864338684785505
2020-05-30,-0.3662604544620261,-0.7815332408978246,0.4170910693004185
2020-05-31,-0.35302615217553723,-0.7773489457138799,0.4104879905864365
2020-06-01,-0.39913673211312667,-0.7580878589403052,0.44564128723864976
2020-06-02,-0.40914202458339644,-0.7343178916748838,0.4690497813396076
2020-06-03,-0.3988890747037292,-0.6889477711585983,0.39994843955792664
2020-06-04,-0.24609270662993107,-0.476455867053808,0.24662764446962268
2020-06-05,-0.05966903380485718,-0.3024358062204273,-0.05011373635917441
2020-06-06,0.16516440320381673,-0.26045056952031426,-0.2512500922703753
2020-06-07,0.12515310702213975,-0.1574959179752827,-0.21527584473839487
2020-06-08,0.3891119355822699,-0.1351487529565654,-0.2665774662146411
2020-06-09,0.48855283956133394,-0.11404587068856696,-0.29896721131851967
2020-06-10,0.41210985924707233,-0.08932369546179651,-0.27342508786145553
2020-06-11,0.2821653470864497,-0.024089495695881775,-0.26364475353814576
2020-06-12,0.3388625639919712,-0.013472312569337242,-0.22097380624417923
2020-06-13,0.215399288542426,0.01906920941439471,-0.176858952810183
2020-06-14,-0.05585448006901874,-0.062033443622854983,-0.13770561042864343
2020-06-15,-0.23855364975951654,-0.16838009689161332,-0.09241784220167898
2020-06-16,-0.21586941690043276,-0.2177109494307209,-0.09861915455191751
2020-06-17,0.1127072254369985,-0.32508733209175006,-0.2044486923922292
2020-06-18,0.1926219406191591,-0.38198195943715346,-0.2543964897374655
2020-06-19,0.1657957915903103,-0.405451205839143,-0.23618178300034656
2020-06-20,0.10560517110808143,-0.4265588441680585,-0.19264223536285266
2020-06-21,0.10865018857237436,-0.41212551539862097,-0.21119521053948415
2020-06-22,0.12150654273663299,-0.3183712113295807,-0.23577082032369326
2020-06-23,0.07644975863466326,-0.24922132511141395,-0.26980237814444363
2020-06-24,0.02165806606696181,-0.19604323083999453,-0.3065275378819425
2020-06-25,-0.02450006934881405,-0.11154107403287651,-0.348028757945739
2020-06-26,0.09226768060062565,0.006130331373916566,-0.20960816743305147
2020-06-27,-0.002305617048673952,0.14297926851553752,-0.2666486440053417
2020-06-28,-0.11618649163145976,0.3355527483167571,-0.3227728295949608
2020-06-29,-0.060564723759401334,0.39895325622576827,-0.3219836655962793
2020-06-30,0.11687557451661065,0.4932792681996556,-0.10317621470207533
2020-07-01,0.0443834465683345,0.5493521579139063,-0.15341400743288575
2020-07-02,0.05784280706628913,0.5913683013407349,-0.13038766084305203
2020-07-03,0.11969818801662689,0.6091247041356084,-0.03211654864902853
2020-07-04,0.0823240189857701,0.6227188739291303,-0.06859970222917923
2020-07-05,-0.02003551223281094,0.6335254858855152,-0.13723740250867303
2020-07-06,-6.53257131899071e-05,0.6520202709094365,-0.09698651961237356
2020-07-07,-0.020305842490890732,0.635913587484877,-0.13892787438644083
2020-07-08,-0.017912797412582452,0.5849053650015862,-0.12685080885231192
2020-07-09,-0.020222342690932208,0.5632172310413236,0.05583759879163623
2020-07-10,0.042641674922156834,0.5426307881327648,0.03734874798988303
2020-07-11,0.04053663304816652,0.5344459234866678,0.0937870629600159
2020-07-12,0.10069689287954575,0.48937309695695064,0.1392388080653875
2020-07-13,0.08240594692713823,0.43107625958327794,0.16176190065823745
2020-07-14,0.026463043668484353,0.3748808521073112,0.1750164382589512
2020-07-15,-0.03140457252404537,0.273671151138436,0.19019509323461584
2020-07-16,-0.04848073256436603,0.2223296078093039,0.24837007765189756
2020-07-17,-0.03163816974133157,0.1762100556639215,0.2931333825023677
2020-07-18,-0.044133846680241354,0.0775073832595602,0.3834060867252617
2020-07-19,-0.05907684235916869,-0.03544332278160512,0.3787857822142684
2020-07-20,-0.1219412959212313,-0.1849688619199701,0.31293230488823776
2020-07-21,-0.13519771495867566,-0.3411788894310522,0.3030269351239633
2020-07-22,-0.10304796554917951,-0.4490961247785554,0.19569180146766404
2020-07-23,-0.16435055975434623,-0.5857458689762979,0.18550565579896416
2020-07-24,-0.17728346158511424,-0.7070062218279171,0.11044103229632495
2020-07-25,-0.21428618438066024,-0.8033684838705172,0.07046589444694079
2020-07-26,-0.19727836521698563,-0.8396429660839416,0.11384397140525696
2020-07-27,-0.22425103730495516,-0.8789717027782198,0.08074581645812152
2020-07-28,-0.17801959660651992,-0.8210395310196512,-0.018761645924333513
2020-07-29,-0.17980777570813603,-0.7544336720813587,0.031057041914176606
2020-07-30,-0.32686631094658014,-0.6817455221406798,0.13809893287513086
2020-07-31,-0.24485663172997382,-0.6292532320479101,0.11092192787707064
2020-08-01,-0.2871160540743688,-0.5491120494818822,0.08702214576048362
2020-08-02,-0.23296399568731715,-0.4816891221240188,0.16105107692929801
2020-08-03,-0.24786418279896566,-0.3501316950955348,0.08686838958110663
2020-08-04,-0.17207826218554267,-0.20168020460176653,-0.13371814707570823
2020-08-05,-0.14364113884192647,-0.047369659597091766,-0.16548910287753166
2020-08-06,-0.14667026067998198,0.09560662445025066,-0.27882462042234385
2020-08-07,-0.14160309668074147,0.12809175766401382,-0.32249831203236534
2020-08-08,-0.23926953703697385,0.14645903629593593,-0.18139939407967995
2020-08-09,-0.19832146446907475,0.21790293224118806,-0.260312785767563
2020-08-10,-0.10404173780039151,0.27099977009054865,-0.2212262397638274
2020-08-11,-0.14013270731047495,0.2460328638584835,-0.16940518869236512
2020-08-12,-0.13909147289596246,0.23015921858001184,-0.1483351609766485
2020-08-13,-0.14881511379109022,0.23165723166060498,-0.10365050400792841
2020-08-14,-0.16117209188883144,0.20639140875623949,-0.07550825407186354
2020-08-15,-0.13477676048179218,0.19110435129856956,-0.020700418494831667
2020-08-16,-0.13643564214809284,0.16857063332216887,-0.013119543525883633
2020-08-17,-0.0724954360561995,0.07413603920682754,0.08566031579809012
2020-08-18,-0.052907286004658646,-0.07345562085935858,0.16356543280775712
2020-08-19,-0.05397280781402676,-0.18275789064981118,0.17520199654186736
2020-08-20,-0.04699614229178904,-0.2715892085633567,0.16202596770075112
2020-08-21,-0.10949127531658293,-0.32710759783756954,0.006557155843293785
2020-08-22,-0.0761308766825187,-0.3124415638501703,0.009517370370263624
2020-08-23,-0.11001831357225095,-0.3275266917495754,0.014476789135876269
2020-08-24,-0.11290784264930787,-0.35725290023650114,0.05270993260416236
2020-08-25,-0.1485902955108113,-0.40074120720258044,0.04423742982983384
2020-08-26,-0.08531604518497252,-0.45069675701605266,0.043517318183055265
2020-08-27,-0.08249735431140462,-0.44136231871231013,0.05510561640049534
2020-08-28,-0.06761310937507486,-0.4403243818025905,0.05281941997612454
2020-08-29,-0.02096587741620202,-0.43172609768782627,0.05148571723074409
2020-08-30,-0.057129380929640504,-0.4046851291882747,0.0921298752201013
2020-08-31,-0.03387850148105998,-0.39074206070541545,0.0721520985579165
2020-09-01,-0.10149853548669635,-0.3659891677143303,0.12452276242517912
2020-09-02,-0.08578244403307177,-0.33670241218565866,0.11360479075224951
2020-09-03,-0.006310652015906953,-0.23116514694133977,0.0795164886856476
2020-09-04,0.03932004392686432,-0.09894377106207199,0.14013738278909993
2020-09-05,0.03587273006608711,-0.06989560647068074,0.04024986582466772
2020-09-06,0.027876938262164606,-0.04630751057934579,0.06461991752833829
2020-09-07,0.15753810749384792,0.025303037630280602,0.016274989986549127
2020-09-08,0.12490717995476797,0.06369528975205191,0.0303329360577292
2020-09-09,-0.0009001077862146799,0.1168988775048169,0.10200387635992503
2020-09-10,0.15736332497251868,0.10429392222439937,0.004526052155372941
2020-09-11,0.20437477833108325,0.08384863768349257,-0.026194241185078775
2020-09-12,0.258374695112246,0.11769675378308515,-0.06995331602079362
2020-09-13,0.4537298323306714,0.08305380117089768,-0.16653049397948977
2020-09-14,0.49296852558372944,0.051783029319557625,-0.1988405139619639
2020-09-15,0.40980351552162747,0.007004089963497614,-0.15991577785817193
2020-09-16,0.3345494083843954,-0.03572675860548998,-0.14563587325917954
2020-09-17,0.35005638326363286,-0.046904025971091584,-0.1656900720123775
2020-09-18,0.33210625935149685,-0.019359169217254446,-0.16710086798251847
2020-09-19,0.23897639606832974,0.00030501606814061036,-0.127981674036584
2020-09-20,0.21865564818530356,0.07182097253866342,-0.03532241532625271
2020-09-21,0.20046836648677108,0.002816056456234454,0.007871974450312944
2020-09-22,0.24177735340959536,-0.03951737544175567,0.059108095220399656
2020-09-23,0.23634914261734763,-0.01349103079300212,0.0051831765855991346
2020-09-24,0.2762389096443421,-0.100280228996263,0.042581364761390246
2020-09-25,0.34174632397734056,-0.07761849795142962,0.054339772319645034
2020-09-26,0.3781041714604881,-0.13096307494175055,0.11527325073619567
2020-09-27,0.32143482855162436,-0.14301168562415176,0.11424048698247047
2020-09-28,0.28603470445506074,-0.15873271306584688,0.1992948213951864
2020-09-29,0.30762729071617706,-0.19607589509529744,0.16418769430049215
2020-09-30,0.2821168173141844,-0.20830399172662237,0.1262414097827839
2020-10-01,0.23672311104859003,-0.25607236551115814,0.18899351148702923
2020-10-02,0.26781785684803805,-0.29669811911849897,0.11363213399899048
2020-10-03,0.26496558839204126,-0.35537866255097944,0.06253338041508337
2020-10-04,0.28814703254780083,-0.4443744246341889,-0.1054649231109424
2020-10-05,0.2939553332866968,-0.47931090463102466,-0.04939439249742668
2020-10-06,0.32216122702995437,-0.4987093422039821,-0.10774234160789264
2020-10-07,0.30952676155020253,-0.4175015455907889,-0.10573921039639815
2020-10-08,0.30039239340738394,-0.2761890618217686,-0.17143989951033942
2020-10-09,0.29107123068664653,-0.21367636929240594,-0.030076000501117695
2020-10-10,0.27900751343803076,-0.19237646346720774,0.09324255063663803
2020-10-11,0.22895417754205163,-0.2113099689890561,0.14274357365425616
2020-10-12,0.18776947190431395,-0.20200531824243903,0.15511079083835347
2020-10-13,0.03525815928001272,-0.1597017747934145,0.20138272197743995
2020-10-14,-0.11764443974733027,-0.15111645964120465,0.1390030279163118
2020-10-15,-0.03916839106306619,-0.14544129089363897,0.25754702271744045
2020-10-16,0.03656664371420732,-0.16597399177580102,0.16494271651012626
2020-10-17,-0.0145908705950497,-0.15959907176476285,0.1954248023044589
2020-10-18,0.03961195192837859,-0.39124206880388135,0.2130816455863703
2020-10-19,-0.11106849504766127,-0.49284650024054033,0.15110359444991503
2020-10-20,-0.10636062014042372,-0.551932794335955,0.15664536904379942
2020-10-21,-0.12586387836733393,-0.5768736723623644,0.14541908683661744
2020-10-22,-0.14081801666580226,-0.5851969140443516,0.1460176906271646
2020-10-23,-0.13522761923860424,-0.6055371401658237,0.14007733717629983
2020-10-24,-0.12955734357102974,-0.5856557951319175,0.17209582806199863
2020-10-25,-0.22729727442379452,-0.6098811243282014,0.209583014676051
2020-10-26,-0.1323077070817577,-0.5935189777341278,0.18230504641372505
2020-10-27,-0.21396344278298476,-0.36052509860006726,0.06179644620656587
2020-10-28,-0.3547523123270071,0.022855192743687792,-0.09467551526334893
2020-10-29,-0.3678841621272758,0.06698470098897198,-0.13631417763808867
2020-10-30,-0.33103895814668677,-0.07192229608603712,-0.16847113381681347
2020-10-31,-0.3531277190491826,-0.11428622755055698,-0.1725180534754831
2020-11-01,-0.3856471142277827,-0.16893339848038053,-0.09385900054505757
2020-11-02,-0.09744219042960735,-0.24944567452850352,-0.15341644303670585
2020-11-03,-0.11996448552727326,-0.2699429289656544,-0.09893406846251449
2020-11-04,0.20167355137829443,-0.28766720576388966,-0.1435698405073992
2020-11-05,0.178401443949998,-0.2510848068062131,-0.16938597631288188
2020-11-06,0.23592867453019328,-0.19213334857816955,-0.1725448981460231
2020-11-07,0.2704131230017627,-0.17550546156749672,-0.18725626440967696
2020-11-08,0.42953429164590057,-0.2246915763739453,-0.23320576619029762
2020-11-09,0.3376527270463402,-0.2915470665636622,-0.2130186121813843
2020-11-10,0.17708821010018083,-0.3237462527512976,-0.16588740837578078
2020-11-11,0.14811356759480282,-0.32313539416973847,-0.14727902900979023
2020-11-12,0.346412293959838,-0.30655109949416237,-0.15340858081783493
2020-11-13,0.23319321429282397,-0.266141613193909,-0.15786032999683036
2020-11-14,0.3048678690527616,-0.2805814569565427,-0.19574429982616542
2020-11-15,0.33406224420451813,-0.26326017018078185,-0.206452268752493
2020-11-16,0.2083964791573632,-0.2088782832613087,-0.2244754253776179
2020-11-17,0.1035535725488745,-0.12332625836182834,-0.20903429388550407
2020-11-18,0.03802234023938718,-0.03829239968600772,-0.21869201260268759
2020-11-19,-0.14832103136228225,0.02134512852321743,-0.21651125021125808
2020-11-20,-0.04458030051401675,0.06345294529559459,-0.19691657654534642
2020-11-21,-0.12819921203093693,0.08520893995885935,-0.04291095437469994
2020-11-22,-0.185173383212693,0.061203920495195754,0.06730807633174513
2020-11-23,-0.061489727511961065,0.07254438893517473,-0.051847053259142815
2020-11-24,-0.1527995650116731,0.11431084158817367,-0.030907201856870632
2020-11-25,-0.07473670728363287,0.16148710444550746,-0.05029270545270066
2020-11-26,-0.23082831364242393,0.20196406492178623,-0.17885304022172363
2020-11-27,-0.26215841290551745,0.1795294899811683,-0.16821435167710852
2020-11-28,-0.20871304709387323,0.168638787234948,-0.09463464518820174
2020-11-29,-0.1686298782922383,0.10869370880344957,-0.005398227931246541
2020-11-30,-0.18854635016036297,0.13455091377497616,0.01370689579654566
2020-12-01,-0.1988089489255137,0.15224706784048314,0.045882352566250915
2020-12-02,-0.19617751356066165,0.15870222215124935,0.03956458764006567
2020-12-03,-0.23445305108803924,0.1569544184706113,-0.015540519485131604
2020-12-04,-0.1984164545929777,0.15469867479795749,-0.08074197130688945
2020-12-05,-0.225254045579301,0.17437732539388723,-0.10540610287370661
2020-12-06,-0.2121612905442373,0.24232138203747125,-0.10614973138157852
2020-12-07,-0.21822288609787244,0.26528414062819883,-0.08802959613071122
2020-12-08,-0.1414126395306938,0.22563375590174192,-0.09701886771500212
2020-12-09,-0.11314927952978478,0.12805309611990462,-0.11251655015124208
2020-12-10,-0.13572061947826633,0.06352969636381291,-0.10898502929012757
2020-12-11,-0.1283086072988073,0.033418348302938,-0.10372361062449918
2020-12-12,-0.052612884466896194,0.02785541447190019,-0.0746370263470624
2020-12-13,0.04233502558851728,0.01594704736792223,-0.0751582917857849
2020-12-14,0.042398202817652414,-0.026207809008508443,-0.045049995290187224
2020-12-15,0.0216964296243752,-0.10991195948510511,-0.025352968001089698
2020-12-16,0.002490369790367374,-0.14761229457726552,-0.019565320822852898
2020-12-17,-0.0076466323817848195,-0.18182789000327948,-0.01243186121211684
2020-12-18,-0.012477569478499786,-0.2006607191544981,-0.007052596400145967
2020-12-19,0.02808063589450382,-0.20077509154061188,-0.03293937800732054
2020-12-20,0.032559914621255306,-0.21976913048134578,-0.01706039999206644
2020-12-21,0.05582961981644315,-0.28200065696493287,-0.08993325920412766
2020-12-22,0.07272482856979813,-0.329174725093084,-0.16884256239063145
2020-12-23,0.015412526681665251,-0.3556895598617945,0.043323582272615055
2020-12-24,0.04538177183835962,-0.34584138661648245,-0.011689718832855692
2020-12-25,-0.02647374561136,-0.3403461142320891,0.0807698472547865
2020-12-26,0.19610063738519404,-0.3493540119310702,-0.09219493786559668
2020-12-27,0.28770777361925504,-0.26771863627660847,-0.10752613541128281
2020-12-28,0.2146410314025909,-0.23438052977443563,-0.05365871004340415
2020-12-29,0.12624223310024416,-0.19928305058193382,0.02079286116088047
2020-12-30,0.062422864525294684,-0.1302007943909914,0.17672045604589243
2020-12-31,-0.06682476455820338,-0.09633165746507476,0.16876113602384188
2021-01-01,-0.10405018384861703,-0.029752771221588457,0.1897543893261646
2021-01-02,-0.08100495244021401,0.04825494645283195,0.10483164138168519
2021-01-03,0.16018897859020476,0.13758978098467683,0.24829974423385082
2021-01-04,0.26019056452012773,0.20549281953232748,0.2743065574546214
2021-01-05,0.24211819297717901,0.24377247503848573,0.2519761127335058
2021-01-06,0.15420477736526533,0.3355758158027257,0.28604735108622176
2021-01-07,0.18027114964875599,0.4536136187636582,0.22120414884950704
2021-01-08,0.2527797007087269,0.5344696020187032,0.19983332438679113
2021-01-09,0.2742061964092091,0.5337494273038805,0.2714851894453204
2021-01-10,0.3159555322207121,0.5930362788495094,0.3285712572376816
2021-01-11,-0.05199222049630862,0.6001712345238911,0.16716349303594455
2021-01-12,0.09862569433847085,0.5591404306372026,0.12892200471003867
2021-01-13,0.29311437131080753,0.510219727601653,0.1687514848141073
2021-01-14,0.24057249788924875,0.4685646547578894,0.17321213784177428
2021-01-15,0.28744420449917857,0.425078079461634,0.20346221502805198
2021-01-16,0.3163644700397912,0.39329578317694003,0.225987666818684
2021-01-17,0.3216634302667866,0.37747215210211715,0.24392636152935845
2021-01-18,0.31308187719792735,0.35821856490783444,0.22169784948151902
2021-01-19,0.3001692903520778,0.3408356431160322,0.1688599499686983
2021-01-20,0.25260415540531933,0.2873804322071441,0.08753021483206558
2021-01-21,0.24040540360926557,0.22442401105943893,0.0682176769450082
2021-01-22,0.25091466646918886,0.13369846507103672,0.02417814223709543
2021-01-23,0.275225271904291,0.028997342535367437,-0.06150046201386732
2021-01-24,0.24801991100158874,-0.05655883827306768,-0.08967792429114438
2021-01-25,0.20207748981277404,-0.12406216046666596,-0.12291394778352815
2021-01-26,0.22267356210394085,-0.16258824296210422,-0.12187129293970185
2021-01-27,0.22424409643812002,-0.18766345419473096,-0.0975773638912671
2021-01-28,0.17637457554356584,-0.24120501997462174,-0.04377809919849802
2021-01-29,0.14729335633179416,-0.2821200553318467,0.028174299592893394
2021-01-30,0.1381158294198711,-0.3135791833285324,0.01589681662036695
2021-01-31,0.13575316963645712,-0.29049338995300067,0.0209579692301932
2021-02-01,0.11015429179597762,-0.24209912027247923,0.0677867262649274
2021-02-02,0.17503613866621168,-0.19419044912150454,-0.00397899054503402
2021-02-03,0.2080160212042099,-0.049352801810075654,-0.0375694955866278
2021-02-04,0.1702846507022166,0.18700777693859036,-0.024923007531830643
2021-02-05,0.13948116531111743,0.43126353137605417,0.02604215652893155
2021-02-06,0.12966323012676514,0.5518045616226089,0.08604844010336817
2021-02-07,0.12624966397562287,0.6049541039624539,0.09874427924316453
2021-02-08,0.13921963676544452,0.6027341664797229,0.10864681415587525
2021-02-09,0.13129074934015048,0.6030991904744715,0.09268297226563038
2021-02-10,0.2821727749274808,0.5712252151003795,0.3406325532279779
2021-02-11,0.2303889946696708,0.5704567514358355,0.32163701572139786
2021-02-12,0.07517077013198664,0.5506448441097863,0.25762824063814
2021-02-13,0.11156404590560627,0.5257904172536001,0.29845379750435297
2021-02-14,0.0929241469525522,0.5176963678951428,0.28179092326355193
2021-02-15,0.08015541988245246,0.5281660578178287,0.2675436640678149
2021-02-16,0.08498646925555531,0.4778000213936045,0.2753969864214204
2021-02-17,0.05152785502094797,0.36296806435998386,0.32306672656903285
2021-02-18,-0.0401786659892863,0.2923692165161039,0.3219549294282868
2021-02-19,0.0773272412304289,0.2970693922084146,0.3651572897047998
2021-02-20,-0.04197034784137914,0.28365345169818323,0.29237946041657276
2021-02-21,0.014664705916190008,0.2846633753908858,0.32610192676462757
2021-02-22,0.0037909142880350054,0.3123452168123896,0.36841847960495533
2021-02-23,0.0002469616652935956,0.3234463795543237,0.34882661152709277
2021-02-24,0.03633242785844289,0.32189960868384454,0.3672946679114539
2021-02-25,0.13892740146614127,0.4165743357691265,0.39819764010602476
2021-02-26,0.14705558804998214,0.37017950207177364,0.3980707901032244
2021-02-27,-0.21220334082928638,0.401763324266219,0.11735267352872453
2021-02-28,-0.29838344525053084,0.5521906779979723,-0.08421335093052955
2021-03-01,-0.35768149602079696,0.4532334351433249,-0.03911612086509663
2021-03-02,-0.33161726926421803,0.5034614271937786,-0.03203552056950508
2021-03-03,-0.3470893805748317,0.2779750065957377,0.015395650220189773
2021-03-04,-0.3133476044028118,0.10397120790573013,0.06221712136057297
2021-03-05,-0.369467529482996,0.02345885163198738,0.1345059986952238
2021-03-06,-0.3624662496722142,0.0016040322553684155,0.13993458156595573
2021-03-07,-0.35611165122355953,-0.019225343743857218,0.11316354688543302
2021-03-08,-0.311644375622298,-0.04876800250173353,0.03493051654034132
2021-03-09,-0.30451881270766673,-0.0924701685230845,0.023332770858858612
2021-03-10,-0.28022727358120453,-0.15667297794916565,0.04440825791531944
2021-03-11,-0.271610665488213,-0.17305052202000337,0.03618019311000126
2021-03-12,-0.26399569782561033,-0.21196147046341068,0.0665726793599256
2021-03-13,-0.18129567796999696,-0.2432389143297516,-0.07522852125253505
2021-03-14,-0.2279430160084102,-0.24781174557973362,-0.05108107874804815
2021-03-15,-0.2507675241954218,-0.2525585421225768,-0.047453066247550746
2021-03-16,-0.22963682248356337,-0.247131181856583,-0.06711352927266387
2021-03-17,-0.1913217560149359,-0.22561990183369493,-0.12396861973591079
2021-03-18,-0.2044221984005218,-0.261867138799225,-0.1359682536644355
2021-03-19,-0.2925756470825399,-0.31646432748204845,-0.13230034825780101
2021-03-20,-0.3847635159043058,-0.3331292728849057,-0.14021440479831174
2021-03-21,-0.3230330610186818,-0.2958792095300978,-0.18021621472755484
2021-03-22,-0.3957824000431854,-0.2071819071268988,-0.19187673052463014
2021-03-23,-0.38072767534777835,-0.113116971516298,-0.2010845131204278
2021-03-24,-0.3253237157078857,-0.004576328353599552,-0.14883286911849564
2021-03-25,-0.39495951703488485,0.1419498507539221,-0.17068553808821435
2021-03-26,-0.30431117402645586,0.20693529052571763,-0.16132764368063737
2021-03-27,-0.3441889009136665,0.20138530005170377,-0.2212047930158456
2021-03-28,-0.3838160154932632,0.2210770602452183,-0.30388958694465446
2021-03-29,-0.28042716760947395,0.14601974077820337,-0.14598635149804567
2021-03-30,-0.21711280817006348,0.028502975540251503,-0.020908955647639605
2021-03-31,-0.20960874269732604,-0.12440999470703673,0.09606658014911985
2021-04-01,-0.2392093106276277,-0.3765025893063085,0.08578722286819286
2021-04-02,-0.1502049616366376,-0.4874695406958317,-0.011601557913010591
2021-04-03,-0.09249096339990151,-0.6069083473035385,-0.0203977673365771
2021-04-04,-0.0769364771516892,-0.7051887284636336,0.08723800807229487
2021-04-05,-0.07328471872963664,-0.7458728935417499,0.09826653716924123
2021-04-06,-0.04106310055345237,-0.7584870847515417,0.04483296569735757
2021-04-07,-0.005682540432974777,-0.76785893145784,0.013886643530277161
2021-04-08,-0.0629251077117408,-0.7601075412978717,0.0349987623388036
2021-04-09,-0.008601454255506982,-0.7375546561540607,-0.003242665499796575
2021-04-10,0.017278666146883295,-0.7454007319663889,-0.01339880288843455
2021-04-11,0.16208276205677202,-0.7235240579703272,-0.10129870238872032
2021-04-12,0.0919369878291516,-0.6906876655789483,-0.04295980047450305
2021-04-13,0.17944509125915997,-0.6754496935107203,-0.11484690153574834
2021-04-14,0.25892270769593473,-0.7043962147528787,-0.12335096950930492
2021-04-15,0.2407703749213331,-0.7298616640872622,-0.09152027108217163
2021-04-16,0.08417730195063014,-0.7463308448748343,-0.025089642601739452
2021-04-17,0.04183770572615006,-0.7141243055076673,-0.005037055878101047
2021-04-18,0.016588251693153103,-0.7454120126447414,-0.0189394406585806
2021-04-19,-0.0052027724820394895,-0.7492215053007489,0.008769796303235008
2021-04-20,-0.02091762470784358,-0.7468946031340913,0.018846990790436252
2021-04-21,-0.19572916945436447,-0.7113731444561755,0.09714378522169259
2021-04-22,-0.16768888585047043,-0.6909479746546707,0.09109178424906973
2021-04-23,-0.02708310593302414,-0.53376068155945,0.023031546646816458
2021-04-24,0.013376039276104772,-0.32335791189368135,0.1742174482851454
2021-04-25,0.040934448105946444,-0.18142707797627486,0.048036237852088694
2021-04-26,-0.051030916449160746,-0.06225289116222285,0.10168269115756147
2021-04-27,-0.10213841848715927,0.03131215501135377,0.14558114760609803
2021-04-28,0.03999946588321717,0.1415871066498663,0.0852211839667345
2021-04-29,0.06165007842275043,0.2420903103696385,-0.06336852725626586
2021-04-30,0.005427904021698506,0.28655440124059617,0.05999605386103541
2021-05-01,0.018295420481147042,0.28121810687979465,0.04987702288391553
2021-05-02,0.09049830619099676,0.21164991835659222,-0.025724201306227483
2021-05-03,0.09741309671734204,0.18275947098299597,-0.051984861298784116
2021-05-04,0.14121442943876292,0.1745086044520826,-0.08559331994893442
2021-05-05,0.13600160232322672,0.1702727035446308,-0.07079004061018557
2021-05-06,0.1865793821664965,0.18549991287872647,-0.038011411279603814
2021-05-07,0.1859193752146884,0.20879130383173372,-0.11306515958360255
2021-05-08,0.16212588628428817,0.2229677508597232,0.024888323512999102
2021-05-09,0.0679260110840669,0.2560971454995375,-0.06001129110400459
2021-05-10,0.028876874365635206,0.3228121420801503,-0.10392753632221526
2021-05-11,0.006977974803474965,0.3886159354121331,-0.08752626697539918
2021-05-12,0.04538897054146253,0.46865160311064713,0.053646118890857915
2021-05-13,0.05564599424281506,0.43649554726327744,0.22161189479916657
2021-05-14,0.04111068617955806,0.3273514321995693,0.2805348557006835
